CREATE DATABASE  IF NOT EXISTS `beltline_version2` /*!40100 DEFAULT CHARACTER SET utf8mb4 COLLATE utf8mb4_0900_ai_ci */;
USE `beltline_version2`;
-- MySQL dump 10.13  Distrib 8.0.13, for Win64 (x86_64)
--
-- Host: localhost    Database: beltline_version2
-- ------------------------------------------------------
-- Server version	8.0.13

/*!40101 SET @OLD_CHARACTER_SET_CLIENT=@@CHARACTER_SET_CLIENT */;
/*!40101 SET @OLD_CHARACTER_SET_RESULTS=@@CHARACTER_SET_RESULTS */;
/*!40101 SET @OLD_COLLATION_CONNECTION=@@COLLATION_CONNECTION */;
 SET NAMES utf8 ;
/*!40103 SET @OLD_TIME_ZONE=@@TIME_ZONE */;
/*!40103 SET TIME_ZONE='+00:00' */;
/*!40014 SET @OLD_UNIQUE_CHECKS=@@UNIQUE_CHECKS, UNIQUE_CHECKS=0 */;
/*!40014 SET @OLD_FOREIGN_KEY_CHECKS=@@FOREIGN_KEY_CHECKS, FOREIGN_KEY_CHECKS=0 */;
/*!40101 SET @OLD_SQL_MODE=@@SQL_MODE, SQL_MODE='NO_AUTO_VALUE_ON_ZERO' */;
/*!40111 SET @OLD_SQL_NOTES=@@SQL_NOTES, SQL_NOTES=0 */;

--
-- Table structure for table `administrator`
--

DROP TABLE IF EXISTS `administrator`;
/*!40101 SET @saved_cs_client     = @@character_set_client */;
 SET character_set_client = utf8mb4 ;
CREATE TABLE `administrator` (
  `Username` varchar(20) NOT NULL,
  `UserType` varchar(20) DEFAULT NULL,
  PRIMARY KEY (`Username`),
  CONSTRAINT `administrator_ibfk_1` FOREIGN KEY (`Username`) REFERENCES `user` (`username`) ON DELETE CASCADE ON UPDATE CASCADE
) ENGINE=InnoDB DEFAULT CHARSET=utf8mb4 COLLATE=utf8mb4_0900_ai_ci;
/*!40101 SET character_set_client = @saved_cs_client */;

--
-- Dumping data for table `administrator`
--

LOCK TABLES `administrator` WRITE;
/*!40000 ALTER TABLE `administrator` DISABLE KEYS */;
INSERT INTO `administrator` VALUES ('james.smith','Administrator');
/*!40000 ALTER TABLE `administrator` ENABLE KEYS */;
UNLOCK TABLES;

--
-- Table structure for table `assign_to`
--

DROP TABLE IF EXISTS `assign_to`;
/*!40101 SET @saved_cs_client     = @@character_set_client */;
 SET character_set_client = utf8mb4 ;
CREATE TABLE `assign_to` (
  `Username` varchar(20) NOT NULL,
  `EventName` varchar(50) NOT NULL,
  `StartDate` date NOT NULL,
  `SiteName` varchar(50) NOT NULL,
  PRIMARY KEY (`Username`,`EventName`,`StartDate`,`SiteName`),
  KEY `SiteName` (`SiteName`,`EventName`,`StartDate`),
  CONSTRAINT `assign_to_ibfk_1` FOREIGN KEY (`Username`) REFERENCES `user` (`username`) ON DELETE CASCADE ON UPDATE CASCADE,
  CONSTRAINT `assign_to_ibfk_2` FOREIGN KEY (`SiteName`, `EventName`, `StartDate`) REFERENCES `event` (`sitename`, `name`, `startdate`) ON DELETE CASCADE ON UPDATE CASCADE
) ENGINE=InnoDB DEFAULT CHARSET=utf8mb4 COLLATE=utf8mb4_0900_ai_ci;
/*!40101 SET character_set_client = @saved_cs_client */;

--
-- Dumping data for table `assign_to`
--

LOCK TABLES `assign_to` WRITE;
/*!40000 ALTER TABLE `assign_to` DISABLE KEYS */;
INSERT INTO `assign_to` VALUES ('staff1','Official Atlanta BeltLine Bike Tour','2019-02-09','Atlanta BeltLine Center'),('michael.smith','Eastside Trail','2019-02-13','Historic Fourth Ward Park'),('michael.smith','Bus Tour','2019-02-01','Inman Park'),('staff2','Bus Tour','2019-02-01','Inman Park'),('michael.smith','Bus Tour','2019-02-08','Inman Park'),('robert.smith','Bus Tour','2019-02-08','Inman Park'),('robert.smith','Eastside Trail','2019-02-04','Inman Park'),('staff2','Eastside Trail','2019-02-04','Inman Park'),('staff1','Eastside Trail','2019-03-01','Inman Park'),('robert.smith','Private Bus Tour','2019-02-01','Inman Park'),('michael.smith','Eastside Trail','2019-02-04','Piedmont Park'),('staff1','Eastside Trail','2019-02-04','Piedmont Park'),('staff1','Westside Trail','2019-02-18','Westview Cemetery'),('staff3','Westside Trail','2019-02-18','Westview Cemetery');
/*!40000 ALTER TABLE `assign_to` ENABLE KEYS */;
UNLOCK TABLES;

--
-- Table structure for table `connect`
--

DROP TABLE IF EXISTS `connect`;
/*!40101 SET @saved_cs_client     = @@character_set_client */;
 SET character_set_client = utf8mb4 ;
CREATE TABLE `connect` (
  `Name` varchar(50) NOT NULL,
  `Route` varchar(20) NOT NULL,
  `TransportType` varchar(20) NOT NULL,
  PRIMARY KEY (`Name`,`Route`,`TransportType`),
  KEY `Route` (`Route`,`TransportType`),
  CONSTRAINT `connect_ibfk_1` FOREIGN KEY (`Name`) REFERENCES `site` (`name`) ON DELETE CASCADE ON UPDATE CASCADE,
  CONSTRAINT `connect_ibfk_2` FOREIGN KEY (`Route`, `TransportType`) REFERENCES `transit` (`route`, `transporttype`) ON DELETE CASCADE ON UPDATE CASCADE
) ENGINE=InnoDB DEFAULT CHARSET=utf8mb4 COLLATE=utf8mb4_0900_ai_ci;
/*!40101 SET character_set_client = @saved_cs_client */;

--
-- Dumping data for table `connect`
--

LOCK TABLES `connect` WRITE;
/*!40000 ALTER TABLE `connect` DISABLE KEYS */;
INSERT INTO `connect` VALUES ('Historic Fourth Ward Park','152','Bus'),('Inman Park','152','Bus'),('Piedmont Park','152','Bus'),('Historic Fourth Ward Park','Blue','MARTA'),('Inman Park','Blue','MARTA'),('Piedmont Park','Blue','MARTA'),('Westview Cemetery','Blue','MARTA'),('Historic Fourth Ward Park','Relay','Bike'),('Piedmont Park','Relay','Bike');
/*!40000 ALTER TABLE `connect` ENABLE KEYS */;
UNLOCK TABLES;

--
-- Table structure for table `emails`
--

DROP TABLE IF EXISTS `emails`;
/*!40101 SET @saved_cs_client     = @@character_set_client */;
 SET character_set_client = utf8mb4 ;
CREATE TABLE `emails` (
  `Username` varchar(20) NOT NULL,
  `Email` varchar(50) NOT NULL,
  PRIMARY KEY (`Username`,`Email`),
  CONSTRAINT `emails_ibfk_1` FOREIGN KEY (`Username`) REFERENCES `user` (`username`) ON DELETE CASCADE ON UPDATE CASCADE
) ENGINE=InnoDB DEFAULT CHARSET=utf8mb4 COLLATE=utf8mb4_0900_ai_ci;
/*!40101 SET character_set_client = @saved_cs_client */;

--
-- Dumping data for table `emails`
--

LOCK TABLES `emails` WRITE;
/*!40000 ALTER TABLE `emails` DISABLE KEYS */;
INSERT INTO `emails` VALUES ('david.smith','dsmith@outlook.com'),('james.smith','jsmith@gatech.edu'),('james.smith','jsmith@gmail.com'),('james.smith','jsmith@hotmail.com'),('james.smith','jsmith@outlook.com'),('manager1','m1@beltline.com'),('manager2','m2@beltline.com'),('manager3','m3@beltline.com'),('manager4','m4@beltline.com'),('manager5','m5@beltline.com'),('maria.garcia','mgarcia@gatech.edu'),('maria.garcia','mgarcia@yahoo.com'),('maria.hernandez','mh@gatech.edu'),('maria.hernandez','mh123@gmail.com'),('maria.rodriguez','mrodriguez@gmail.com'),('mary.smith','mary@outlook.com'),('michael.smith','msmith@gmail.com'),('robert.smith','rsmith@hotmail.com'),('staff1','s1@beltline.com'),('staff2','s2@beltline.com'),('staff3','s3@beltline.com'),('user1','u1@beltline.com'),('visitor1','v1@beltline.com');
/*!40000 ALTER TABLE `emails` ENABLE KEYS */;
UNLOCK TABLES;

--
-- Table structure for table `employee`
--

DROP TABLE IF EXISTS `employee`;
/*!40101 SET @saved_cs_client     = @@character_set_client */;
 SET character_set_client = utf8mb4 ;
CREATE TABLE `employee` (
  `Username` varchar(20) NOT NULL,
  `EmployeeID` char(9) NOT NULL,
  `Phone` varchar(12) DEFAULT NULL,
  `Address` varchar(50) DEFAULT NULL,
  `City` varchar(20) DEFAULT NULL,
  `State` char(2) DEFAULT NULL,
  `Zipcode` char(5) DEFAULT NULL,
  PRIMARY KEY (`Username`),
  CONSTRAINT `employee_ibfk_1` FOREIGN KEY (`Username`) REFERENCES `user` (`username`) ON DELETE CASCADE ON UPDATE CASCADE
) ENGINE=InnoDB DEFAULT CHARSET=utf8mb4 COLLATE=utf8mb4_0900_ai_ci;
/*!40101 SET character_set_client = @saved_cs_client */;

--
-- Dumping data for table `employee`
--

LOCK TABLES `employee` WRITE;
/*!40000 ALTER TABLE `employee` DISABLE KEYS */;
INSERT INTO `employee` VALUES ('david.smith','5','5124776435','350 Ferst Drive','Atlanta','GA','30332'),('james.smith','1','4043721234','123 East Main Street','Rochester','NY','14604'),('manager1','6','8045126767','123 East Main Street','Rochester','NY','14604'),('manager2','7','9876543210','123 East Main Street','Rochester','NY','14604'),('manager3','8','5432167890','350 Ferst Drive','Atlanta','GA','30332'),('manager4','9','8053467565','123 East Main Street','Columbus','OH','43215'),('manager5','10','8031446782','801 Atlantic Drive','Atlanta','GA','30332'),('maria.garcia','4','7890123456','123 East Main Street','Richland','PA','17987'),('michael.smith','2','4043726789','350 Ferst Drive','Atlanta','GA','30332'),('robert.smith','3','1234567890','123 East Main Street','Columbus','OH','43215'),('staff1','11','8024456765','266 Ferst Drive Northwest','Atlanta','GA','30332'),('staff2','12','8888888888','266 Ferst Drive Northwest','Atlanta','GA','30332'),('staff3','13','3333333333','801 Atlantic Drive','Atlanta','GA','30332');
/*!40000 ALTER TABLE `employee` ENABLE KEYS */;
UNLOCK TABLES;

--
-- Table structure for table `event`
--

DROP TABLE IF EXISTS `event`;
/*!40101 SET @saved_cs_client     = @@character_set_client */;
 SET character_set_client = utf8mb4 ;
CREATE TABLE `event` (
  `Name` varchar(50) NOT NULL,
  `StartDate` date NOT NULL,
  `SiteName` varchar(50) NOT NULL,
  `EndDate` date DEFAULT NULL,
  `Price` decimal(6,2) DEFAULT NULL,
  `Capacity` int(11) DEFAULT NULL,
  `MinStaffReq` int(11) DEFAULT NULL,
  `Description` text,
  PRIMARY KEY (`SiteName`,`Name`,`StartDate`),
  CONSTRAINT `event_ibfk_1` FOREIGN KEY (`SiteName`) REFERENCES `site` (`name`) ON DELETE CASCADE ON UPDATE CASCADE
) ENGINE=InnoDB DEFAULT CHARSET=utf8mb4 COLLATE=utf8mb4_0900_ai_ci;
/*!40101 SET character_set_client = @saved_cs_client */;

--
-- Dumping data for table `event`
--

LOCK TABLES `event` WRITE;
/*!40000 ALTER TABLE `event` DISABLE KEYS */;
INSERT INTO `event` VALUES ('Official Atlanta Beltline Bike Tour','2019-02-09','Atlanta Beltline Center','2019-02-14',5.00,5,1,'These tours will include rest stops highlighting assets and points of interest along the Atlanta BeltLine. Staff will lead the rides, and each group will have a ride sweep to help with any unexpected mechanical difficulties.'),('Eastside Trail','2019-02-13','Historic Fourth Ward Park','2019-02-14',0.00,99999,1,'A combination of multi-use trail and linear greenspace, the Eastside Trail was the first finished section of the Atlanta BeltLine trail in the old rail corridor. The Eastside Trail, which was funded by a combination of public and private philanthropic sources, runs from the tip of Piedmont Park to Reynoldstown. More details at https://beltline.org/explore-atlanta-beltline-trails/eastside-trail/'),('Arboretum Walking Tour','2010-02-08','Inman Park','2019-02-11',5.00,5,1,'Official Atlanta BeltLine Arboretum Walking Tours provide an up-close view of the Westside Trail and the Atlanta BeltLine Arboretum led by Trees Atlanta Docents. The one and a half hour tours step off at at 10am (Oct thru May), and 9am (June thru September). Departure for all tours is from Rose Circle Park near Brown Middle School. More details at: https://beltline.org/visit/atlanta-beltline-tours/#arboretum-walking'),('Bus Tour','2019-02-01','Inman Park','2019-02-02',25.00,6,2,'The Atlanta BeltLine Partnership’s tour program operates with a natural gas-powered, ADA accessible tour bus funded through contributions from 10th & Monroe, LLC, SunTrust Bank Trusteed Foundations – Florence C. and Harry L. English Memorial Fund and Thomas Guy Woolford Charitable Trust, and AGL Resources'),('Bus Tour','2019-02-08','Inman Park','2019-02-10',25.00,6,2,'The Atlanta BeltLine Partnership’s tour program operates with a natural gas-powered, ADA accessible tour bus funded through contributions from 10th & Monroe, LLC, SunTrust Bank Trusteed Foundations – Florence C. and Harry L. English Memorial Fund and Thomas Guy Woolford Charitable Trust, and AGL Resources'),('Eastside Trail','2019-02-04','Inman Park','2019-02-05',0.00,99999,1,'A combination of multi-use trail and linear greenspace, the Eastside Trail was the first finished section of the Atlanta BeltLine trail in the old rail corridor. The Eastside Trail, which was funded by a combination of public and private philanthropic sources, runs from the tip of Piedmont Park to Reynoldstown. More details at https://beltline.org/explore-atlanta-beltline-trails/eastside-trail/'),('Eastside Trail','2019-03-01','Inman Park','2019-03-02',0.00,99999,1,'A combination of multi-use trail and linear greenspace, the Eastside Trail was the first finished section of the Atlanta BeltLine trail in the old rail corridor. The Eastside Trail, which was funded by a combination of public and private philanthropic sources, runs from the tip of Piedmont Park to Reynoldstown. More details at https://beltline.org/explore-atlanta-beltline-trails/eastside-trail/'),('Private Bus Tour','2019-02-01','Inman Park','2019-02-02',40.00,4,1,'Private tours are available most days, pending bus and tour guide availability. Private tours can accommodate up to 4 guests per tour, and are subject to a tour fee (nonprofit rates are available). As a nonprofit organization with limited resources, we are unable to offer free private tours. We thank you for your support and your understanding as we try to provide as many private group tours as possible. The Atlanta BeltLine Partnership’s tour program operates with a natural gas-powered, ADA accessible tour bus funded through contributions from 10th & Monroe, LLC, SunTrust Bank Trusteed Foundations – Florence C. and Harry L. English Memorial Fund and Thomas Guy Woolford Charitable Trust, and AGL Resources'),('Eastside Trail','2019-02-04','Piedmont Park','2019-02-05',0.00,99999,1,'A combination of multi-use trail and linear greenspace, the Eastside Trail was the first finished section of the Atlanta BeltLine trail in the old rail corridor. The Eastside Trail, which was funded by a combination of public and private philanthropic sources, runs from the tip of Piedmont Park to Reynoldstown. More details at https://beltline.org/explore-atlanta-beltline-trails/eastside-trail/'),('Westside Trail','2019-02-18','Westview Cemetery','2019-02-21',0.00,99999,1,'The Westside Trail is a free amenity that offers a bicycle and pedestrian-safe corridor with a 14-foot-wide multi-use trail surrounded by mature trees and grasses thanks to Trees Atlanta’s Arboretum. With 16 points of entry, 14 of which will be ADA-accessible with ramp and stair systems, the trail provides numerous access points for people of all abilities. More details at: https://beltline.org/explore-atlanta-beltline-trails/westside-trail/');
/*!40000 ALTER TABLE `event` ENABLE KEYS */;
UNLOCK TABLES;

--
-- Table structure for table `manager`
--

DROP TABLE IF EXISTS `manager`;
/*!40101 SET @saved_cs_client     = @@character_set_client */;
 SET character_set_client = utf8mb4 ;
CREATE TABLE `manager` (
  `Username` varchar(20) NOT NULL,
  `UserType` varchar(20) DEFAULT NULL,
  PRIMARY KEY (`Username`),
  CONSTRAINT `manager_ibfk_1` FOREIGN KEY (`Username`) REFERENCES `user` (`username`) ON DELETE CASCADE ON UPDATE CASCADE
) ENGINE=InnoDB DEFAULT CHARSET=utf8mb4 COLLATE=utf8mb4_0900_ai_ci;
/*!40101 SET character_set_client = @saved_cs_client */;

--
-- Dumping data for table `manager`
--

LOCK TABLES `manager` WRITE;
/*!40000 ALTER TABLE `manager` DISABLE KEYS */;
INSERT INTO `manager` VALUES ('david.smith','Manager'),('manager1','Manager'),('manager2','Manager'),('manager3','Manager'),('manager4','Manager'),('manager5','Manager'),('maria.garcia','Manager');
/*!40000 ALTER TABLE `manager` ENABLE KEYS */;
UNLOCK TABLES;

--
-- Table structure for table `site`
--

DROP TABLE IF EXISTS `site`;
/*!40101 SET @saved_cs_client     = @@character_set_client */;
 SET character_set_client = utf8mb4 ;
CREATE TABLE `site` (
  `Name` varchar(50) NOT NULL,
  `Address` varchar(50) DEFAULT NULL,
  `Zipcode` char(5) DEFAULT NULL,
  `OpenEveryday` varchar(3) DEFAULT NULL,
  `Manager` varchar(50) DEFAULT NULL,
  PRIMARY KEY (`Name`),
  KEY `Manager` (`Manager`),
  CONSTRAINT `site_ibfk_1` FOREIGN KEY (`Manager`) REFERENCES `manager` (`username`) ON DELETE SET NULL ON UPDATE CASCADE
) ENGINE=InnoDB DEFAULT CHARSET=utf8mb4 COLLATE=utf8mb4_0900_ai_ci;
/*!40101 SET character_set_client = @saved_cs_client */;

--
-- Dumping data for table `site`
--

LOCK TABLES `site` WRITE;
/*!40000 ALTER TABLE `site` DISABLE KEYS */;
INSERT INTO `site` VALUES ('Atlanta Beltline Center','112 Krog Street Northeast','30307','No','manager3'),('Historic Fourth Ward Park','680 Dallas Street Northeast','30308','Yes','manager4'),('Inman Park','','30307','Yes','david.smith'),('Piedmont Park','400 Park Drive Northeast','30306','Yes','manager2'),('Westview Cemetery','1680 Westview Drive Southwest','30310','No','manager5');
/*!40000 ALTER TABLE `site` ENABLE KEYS */;
UNLOCK TABLES;

--
-- Table structure for table `staff`
--

DROP TABLE IF EXISTS `staff`;
/*!40101 SET @saved_cs_client     = @@character_set_client */;
 SET character_set_client = utf8mb4 ;
CREATE TABLE `staff` (
  `Username` varchar(20) NOT NULL,
  `UserType` varchar(20) DEFAULT NULL,
  PRIMARY KEY (`Username`),
  CONSTRAINT `staff_ibfk_1` FOREIGN KEY (`Username`) REFERENCES `user` (`username`) ON DELETE CASCADE ON UPDATE CASCADE
) ENGINE=InnoDB DEFAULT CHARSET=utf8mb4 COLLATE=utf8mb4_0900_ai_ci;
/*!40101 SET character_set_client = @saved_cs_client */;

--
-- Dumping data for table `staff`
--

LOCK TABLES `staff` WRITE;
/*!40000 ALTER TABLE `staff` DISABLE KEYS */;
INSERT INTO `staff` VALUES ('michael.smith','Staff'),('robert.smith','Staff'),('staff1','Staff'),('staff2','Staff'),('staff3','Staff');
/*!40000 ALTER TABLE `staff` ENABLE KEYS */;
UNLOCK TABLES;

--
-- Table structure for table `take`
--

DROP TABLE IF EXISTS `take`;
/*!40101 SET @saved_cs_client     = @@character_set_client */;
 SET character_set_client = utf8mb4 ;
CREATE TABLE `take` (
  `Username` varchar(20) NOT NULL,
  `TransportType` varchar(20) NOT NULL,
  `Route` varchar(20) NOT NULL,
  `TransitDate` date NOT NULL,
  PRIMARY KEY (`Username`,`Route`,`TransportType`,`TransitDate`),
  KEY `Route` (`Route`,`TransportType`),
  CONSTRAINT `take_ibfk_1` FOREIGN KEY (`Username`) REFERENCES `user` (`username`) ON DELETE CASCADE ON UPDATE CASCADE,
  CONSTRAINT `take_ibfk_2` FOREIGN KEY (`Route`, `TransportType`) REFERENCES `transit` (`route`, `transporttype`) ON DELETE CASCADE ON UPDATE CASCADE
) ENGINE=InnoDB DEFAULT CHARSET=utf8mb4 COLLATE=utf8mb4_0900_ai_ci;
/*!40101 SET character_set_client = @saved_cs_client */;

--
-- Dumping data for table `take`
--

LOCK TABLES `take` WRITE;
/*!40000 ALTER TABLE `take` DISABLE KEYS */;
INSERT INTO `take` VALUES ('manager2','Bus','152','2019-03-20'),('maria.hernandez','Bus','152','2019-03-20'),('maria.hernandez','Bus','152','2019-03-22'),('manager2','MARTA','Blue','2019-03-20'),('manager2','MARTA','Blue','2019-03-21'),('manager2','MARTA','Blue','2019-03-22'),('visitor1','MARTA','Blue','2019-03-21'),('manager3','Bike','Relay','2019-03-20'),('maria.hernandez','Bike','Relay','2019-03-20'),('mary.smith','Bike','Relay','2019-03-23');
/*!40000 ALTER TABLE `take` ENABLE KEYS */;
UNLOCK TABLES;

--
-- Temporary view structure for view `temp_staff`
--

DROP TABLE IF EXISTS `temp_staff`;
/*!50001 DROP VIEW IF EXISTS `temp_staff`*/;
SET @saved_cs_client     = @@character_set_client;
SET character_set_client = utf8mb4;
/*!50001 CREATE VIEW `temp_staff` AS SELECT 
 1 AS `Username`,
 1 AS `UserType`*/;
SET character_set_client = @saved_cs_client;

--
-- Table structure for table `transit`
--

DROP TABLE IF EXISTS `transit`;
/*!40101 SET @saved_cs_client     = @@character_set_client */;
 SET character_set_client = utf8mb4 ;
CREATE TABLE `transit` (
  `Route` varchar(20) NOT NULL,
  `TransportType` varchar(20) NOT NULL,
  `Price` decimal(6,2) DEFAULT NULL,
  PRIMARY KEY (`Route`,`TransportType`)
) ENGINE=InnoDB DEFAULT CHARSET=utf8mb4 COLLATE=utf8mb4_0900_ai_ci;
/*!40101 SET character_set_client = @saved_cs_client */;

--
-- Dumping data for table `transit`
--

LOCK TABLES `transit` WRITE;
/*!40000 ALTER TABLE `transit` DISABLE KEYS */;
INSERT INTO `transit` VALUES ('152','Bus',2.00),('Blue','MARTA',2.00),('Relay','Bike',1.00);
/*!40000 ALTER TABLE `transit` ENABLE KEYS */;
UNLOCK TABLES;

--
-- Table structure for table `user`
--

DROP TABLE IF EXISTS `user`;
/*!40101 SET @saved_cs_client     = @@character_set_client */;
 SET character_set_client = utf8mb4 ;
CREATE TABLE `user` (
  `Username` varchar(20) NOT NULL,
  `Password` varchar(200) NOT NULL,
  `Status` varchar(10) DEFAULT NULL,
  `Firstname` varchar(50) DEFAULT NULL,
  `Lastname` varchar(50) DEFAULT NULL,
  `UserType` varchar(20) DEFAULT NULL,
  PRIMARY KEY (`Username`)
) ENGINE=InnoDB DEFAULT CHARSET=utf8mb4 COLLATE=utf8mb4_0900_ai_ci;
/*!40101 SET character_set_client = @saved_cs_client */;

--
-- Dumping data for table `user`
--

LOCK TABLES `user` WRITE;
/*!40000 ALTER TABLE `user` DISABLE KEYS */;
INSERT INTO `user` VALUES ('david.smith','dsmith456','Approved','David','Smith','Manager'),('james.smith','jsmith123','Approved','James','Smith','Administrator'),('manager1','manager1','Pending','Manager','One','Manager'),('manager2','manager2','Approved','Manager','Two','Visitor'),('manager3','manager3','Approved','Manager','Three','Manager'),('manager4','manager4','Approved','Manager','Four','Visitor'),('manager5','manager5','Approved','Manager','Five','Visitor'),('maria.garcia','mgarcia123','Approved','Maria','Garcia','Visitor'),('maria.hernandez','mhernandez','Approved','Maria','Hernandez','User'),('maria.rodriguez','mrodriguez','Declined','Maria','Rodriguez','Visitor'),('mary.smith','msmith789','Approved','Mary','Smith','Visitor'),('michael.smith','msmith456','Approved','Michael','Smith','Visitor'),('robert.smith','rsmith789','Approved','Robert ','Smith','Staff'),('staff1','staff1234','Approved','Staff','One','Staff'),('staff2','staff4567','Approved','Staff','Two','Visitor'),('staff3','staff7890','Approved','Staff','Three','Visitor'),('user1','user123456','Pending','User','One','User'),('visitor1','visitor123','Approved','Visitor','One','Visitor');
/*!40000 ALTER TABLE `user` ENABLE KEYS */;
UNLOCK TABLES;

--
-- Temporary view structure for view `users_for_admin`
--

DROP TABLE IF EXISTS `users_for_admin`;
/*!50001 DROP VIEW IF EXISTS `users_for_admin`*/;
SET @saved_cs_client     = @@character_set_client;
SET character_set_client = utf8mb4;
/*!50001 CREATE VIEW `users_for_admin` AS SELECT 
 1 AS `Username`,
 1 AS `Email Count`,
 1 AS `Status`*/;
SET character_set_client = @saved_cs_client;

--
-- Table structure for table `visit_event`
--

DROP TABLE IF EXISTS `visit_event`;
/*!40101 SET @saved_cs_client     = @@character_set_client */;
 SET character_set_client = utf8mb4 ;
CREATE TABLE `visit_event` (
  `Username` varchar(50) NOT NULL,
  `Name` varchar(50) NOT NULL,
  `StartDate` date NOT NULL,
  `SiteName` varchar(50) NOT NULL,
  `EndDate` date NOT NULL,
  PRIMARY KEY (`Username`,`Name`,`StartDate`,`SiteName`,`EndDate`),
  KEY `SiteName` (`SiteName`,`Name`,`StartDate`),
  CONSTRAINT `visit_event_ibfk_1` FOREIGN KEY (`Username`) REFERENCES `user` (`username`) ON DELETE CASCADE ON UPDATE CASCADE,
  CONSTRAINT `visit_event_ibfk_2` FOREIGN KEY (`SiteName`, `Name`, `StartDate`) REFERENCES `event` (`sitename`, `name`, `startdate`) ON DELETE CASCADE ON UPDATE CASCADE
) ENGINE=InnoDB DEFAULT CHARSET=utf8mb4 COLLATE=utf8mb4_0900_ai_ci;
/*!40101 SET character_set_client = @saved_cs_client */;

--
-- Dumping data for table `visit_event`
--

LOCK TABLES `visit_event` WRITE;
/*!40000 ALTER TABLE `visit_event` DISABLE KEYS */;
INSERT INTO `visit_event` VALUES ('mary.smith','Official Atlanta BeltLine Bike Tour','2019-02-09','Atlanta BeltLine Center','2019-02-10'),('visitor1','Official Atlanta BeltLine Bike Tour','2019-02-09','Atlanta BeltLine Center','2019-02-10'),('mary.smith','Eastside Trail','2019-02-13','Historic Fourth Ward Park','2019-02-13'),('mary.smith','Eastside Trail','2019-02-13','Historic Fourth Ward Park','2019-02-14'),('visitor1','Eastside Trail','2019-02-13','Historic Fourth Ward Park','2019-02-14'),('manager2','Bus Tour','2019-02-01','Inman Park','2019-02-02'),('manager4','Bus Tour','2019-02-01','Inman Park','2019-02-01'),('manager5','Bus Tour','2019-02-01','Inman Park','2019-02-02'),('maria.garcia','Bus Tour','2019-02-01','Inman Park','2019-02-02'),('mary.smith','Bus Tour','2019-02-01','Inman Park','2019-02-01'),('staff2','Bus Tour','2019-02-01','Inman Park','2019-02-02'),('mary.smith','Private Bus Tour','2019-02-01','Inman Park','2019-02-01'),('mary.smith','Private Bus Tour','2019-02-01','Inman Park','2019-02-02'),('mary.smith','Eastside Trail','2019-02-04','Piedmont Park','2019-02-04'),('mary.smith','Westside Trail','2019-02-18','Westview Cemetery','2019-02-19'),('visitor1','Westside Trail','2019-02-18','Westview Cemetery','2019-02-19');
/*!40000 ALTER TABLE `visit_event` ENABLE KEYS */;
UNLOCK TABLES;

--
-- Table structure for table `visit_site`
--

DROP TABLE IF EXISTS `visit_site`;
/*!40101 SET @saved_cs_client     = @@character_set_client */;
 SET character_set_client = utf8mb4 ;
CREATE TABLE `visit_site` (
  `Username` varchar(20) NOT NULL,
  `Name` varchar(50) NOT NULL,
  `VisitSiteDate` date NOT NULL,
  PRIMARY KEY (`Username`,`Name`,`VisitSiteDate`),
  KEY `Name` (`Name`),
  CONSTRAINT `visit_site_ibfk_1` FOREIGN KEY (`Username`) REFERENCES `user` (`username`) ON DELETE CASCADE ON UPDATE CASCADE,
  CONSTRAINT `visit_site_ibfk_2` FOREIGN KEY (`Name`) REFERENCES `site` (`name`) ON DELETE CASCADE ON UPDATE CASCADE
) ENGINE=InnoDB DEFAULT CHARSET=utf8mb4 COLLATE=utf8mb4_0900_ai_ci;
/*!40101 SET character_set_client = @saved_cs_client */;

--
-- Dumping data for table `visit_site`
--

LOCK TABLES `visit_site` WRITE;
/*!40000 ALTER TABLE `visit_site` DISABLE KEYS */;
INSERT INTO `visit_site` VALUES ('mary.smith','Atlanta Beltline Center','2019-02-01'),('mary.smith','Atlanta Beltline Center','2019-02-10'),('visitor1','Atlanta Beltline Center','2019-02-09'),('visitor1','Atlanta Beltline Center','2019-02-13'),('mary.smith','Historic Fourth Ward Park','2019-02-02'),('visitor1','Historic Fourth Ward Park','2019-02-11'),('mary.smith','Inman Park','2019-02-01'),('mary.smith','Inman Park','2019-02-02'),('mary.smith','Inman Park','2019-02-03'),('visitor1','Inman Park','2019-02-01'),('mary.smith','Piedmont Park','2019-02-02'),('visitor1','Piedmont Park','2019-02-01'),('visitor1','Piedmont Park','2019-02-11'),('visitor1','Westview Cemetery','2019-02-06');
/*!40000 ALTER TABLE `visit_site` ENABLE KEYS */;
UNLOCK TABLES;

--
-- Table structure for table `visitor`
--

DROP TABLE IF EXISTS `visitor`;
/*!40101 SET @saved_cs_client     = @@character_set_client */;
 SET character_set_client = utf8mb4 ;
CREATE TABLE `visitor` (
  `Username` varchar(20) NOT NULL,
  PRIMARY KEY (`Username`),
  CONSTRAINT `visitor_ibfk_1` FOREIGN KEY (`Username`) REFERENCES `user` (`username`) ON DELETE CASCADE ON UPDATE CASCADE
) ENGINE=InnoDB DEFAULT CHARSET=utf8mb4 COLLATE=utf8mb4_0900_ai_ci;
/*!40101 SET character_set_client = @saved_cs_client */;

--
-- Dumping data for table `visitor`
--

LOCK TABLES `visitor` WRITE;
/*!40000 ALTER TABLE `visitor` DISABLE KEYS */;
INSERT INTO `visitor` VALUES ('manager2'),('manager4'),('manager5'),('maria.garcia'),('maria.rodriguez'),('mary.smith'),('michael.smith'),('staff2'),('staff3'),('visitor1');
/*!40000 ALTER TABLE `visitor` ENABLE KEYS */;
UNLOCK TABLES;

--
-- Dumping events for database 'beltline_version2'
--

--
-- Dumping routines for database 'beltline_version2'
--
/*!50003 DROP PROCEDURE IF EXISTS `add_email` */;
/*!50003 SET @saved_cs_client      = @@character_set_client */ ;
/*!50003 SET @saved_cs_results     = @@character_set_results */ ;
/*!50003 SET @saved_col_connection = @@collation_connection */ ;
/*!50003 SET character_set_client  = utf8mb4 */ ;
/*!50003 SET character_set_results = utf8mb4 */ ;
/*!50003 SET collation_connection  = utf8mb4_0900_ai_ci */ ;
/*!50003 SET @saved_sql_mode       = @@sql_mode */ ;
/*!50003 SET sql_mode              = 'STRICT_TRANS_TABLES,NO_ENGINE_SUBSTITUTION' */ ;
DELIMITER ;;
CREATE DEFINER=`root`@`localhost` PROCEDURE `add_email`(in username varchar(20), in em varchar(50))
BEGIN
insert into emails values (username, em);
END ;;
DELIMITER ;
/*!50003 SET sql_mode              = @saved_sql_mode */ ;
/*!50003 SET character_set_client  = @saved_cs_client */ ;
/*!50003 SET character_set_results = @saved_cs_results */ ;
/*!50003 SET collation_connection  = @saved_col_connection */ ;
/*!50003 DROP PROCEDURE IF EXISTS `AdminCreateSite` */;
/*!50003 SET @saved_cs_client      = @@character_set_client */ ;
/*!50003 SET @saved_cs_results     = @@character_set_results */ ;
/*!50003 SET @saved_col_connection = @@collation_connection */ ;
/*!50003 SET character_set_client  = utf8mb4 */ ;
/*!50003 SET character_set_results = utf8mb4 */ ;
/*!50003 SET collation_connection  = utf8mb4_0900_ai_ci */ ;
/*!50003 SET @saved_sql_mode       = @@sql_mode */ ;
/*!50003 SET sql_mode              = 'STRICT_TRANS_TABLES,NO_ENGINE_SUBSTITUTION' */ ;
DELIMITER ;;
CREATE DEFINER=`root`@`localhost` PROCEDURE `AdminCreateSite`(in sitename varchar(50), in zip char(5), in siteAddress varchar(50), in manager varchar(50), OpenEverydayStatus varchar(3))
BEGIN
insert into site values (sitename, siteAddress, zip, OpenEverydayStatus, manager);
END ;;
DELIMITER ;
/*!50003 SET sql_mode              = @saved_sql_mode */ ;
/*!50003 SET character_set_client  = @saved_cs_client */ ;
/*!50003 SET character_set_results = @saved_cs_results */ ;
/*!50003 SET collation_connection  = @saved_col_connection */ ;
/*!50003 DROP PROCEDURE IF EXISTS `AdminCreateTransit` */;
/*!50003 SET @saved_cs_client      = @@character_set_client */ ;
/*!50003 SET @saved_cs_results     = @@character_set_results */ ;
/*!50003 SET @saved_col_connection = @@collation_connection */ ;
/*!50003 SET character_set_client  = utf8mb4 */ ;
/*!50003 SET character_set_results = utf8mb4 */ ;
/*!50003 SET collation_connection  = utf8mb4_0900_ai_ci */ ;
/*!50003 SET @saved_sql_mode       = @@sql_mode */ ;
/*!50003 SET sql_mode              = 'STRICT_TRANS_TABLES,NO_ENGINE_SUBSTITUTION' */ ;
DELIMITER ;;
CREATE DEFINER=`root`@`localhost` PROCEDURE `AdminCreateTransit`(in transportType varchar(20), route varchar(20), siteName varchar(50), price decimal(6,2))
BEGIN
insert into transit values (route, transportTpe, price);
insert into connect values (siteName, route, transportType);
END ;;
DELIMITER ;
/*!50003 SET sql_mode              = @saved_sql_mode */ ;
/*!50003 SET character_set_client  = @saved_cs_client */ ;
/*!50003 SET character_set_results = @saved_cs_results */ ;
/*!50003 SET collation_connection  = @saved_col_connection */ ;
/*!50003 DROP PROCEDURE IF EXISTS `AdminEditSite` */;
/*!50003 SET @saved_cs_client      = @@character_set_client */ ;
/*!50003 SET @saved_cs_results     = @@character_set_results */ ;
/*!50003 SET @saved_col_connection = @@collation_connection */ ;
/*!50003 SET character_set_client  = utf8mb4 */ ;
/*!50003 SET character_set_results = utf8mb4 */ ;
/*!50003 SET collation_connection  = utf8mb4_0900_ai_ci */ ;
/*!50003 SET @saved_sql_mode       = @@sql_mode */ ;
/*!50003 SET sql_mode              = 'STRICT_TRANS_TABLES,NO_ENGINE_SUBSTITUTION' */ ;
DELIMITER ;;
CREATE DEFINER=`root`@`localhost` PROCEDURE `AdminEditSite`(in sitename varchar(50), in zip char(5), in siteAddress varchar(50), in manager varchar(50), OpenEverydayStatus varchar(3))
BEGIN
update site set Name=sitename, Zipcode=zip, Address=siteAddress, Manager=manager, OpenEveryday=OpenEverydayStatus;
END ;;
DELIMITER ;
/*!50003 SET sql_mode              = @saved_sql_mode */ ;
/*!50003 SET character_set_client  = @saved_cs_client */ ;
/*!50003 SET character_set_results = @saved_cs_results */ ;
/*!50003 SET collation_connection  = @saved_col_connection */ ;
/*!50003 DROP PROCEDURE IF EXISTS `AdminEditTransit` */;
/*!50003 SET @saved_cs_client      = @@character_set_client */ ;
/*!50003 SET @saved_cs_results     = @@character_set_results */ ;
/*!50003 SET @saved_col_connection = @@collation_connection */ ;
/*!50003 SET character_set_client  = utf8mb4 */ ;
/*!50003 SET character_set_results = utf8mb4 */ ;
/*!50003 SET collation_connection  = utf8mb4_0900_ai_ci */ ;
/*!50003 SET @saved_sql_mode       = @@sql_mode */ ;
/*!50003 SET sql_mode              = 'STRICT_TRANS_TABLES,NO_ENGINE_SUBSTITUTION' */ ;
DELIMITER ;;
CREATE DEFINER=`root`@`localhost` PROCEDURE `AdminEditTransit`(in transportType varchar(20), route varchar(20), siteName varchar(50), minPrice decimal(6,2), MaxPrice decimal(6,2))
BEGIN
update transit set Route=route, Price=price where Route = route and TransportType=transportType ;
insert into connect values (siteName, route, transportType);
END ;;
DELIMITER ;
/*!50003 SET sql_mode              = @saved_sql_mode */ ;
/*!50003 SET character_set_client  = @saved_cs_client */ ;
/*!50003 SET character_set_results = @saved_cs_results */ ;
/*!50003 SET collation_connection  = @saved_col_connection */ ;
/*!50003 DROP PROCEDURE IF EXISTS `AdminManageSite` */;
/*!50003 SET @saved_cs_client      = @@character_set_client */ ;
/*!50003 SET @saved_cs_results     = @@character_set_results */ ;
/*!50003 SET @saved_col_connection = @@collation_connection */ ;
/*!50003 SET character_set_client  = utf8mb4 */ ;
/*!50003 SET character_set_results = utf8mb4 */ ;
/*!50003 SET collation_connection  = utf8mb4_0900_ai_ci */ ;
/*!50003 SET @saved_sql_mode       = @@sql_mode */ ;
/*!50003 SET sql_mode              = 'STRICT_TRANS_TABLES,NO_ENGINE_SUBSTITUTION' */ ;
DELIMITER ;;
CREATE DEFINER=`root`@`localhost` PROCEDURE `AdminManageSite`(in sitename varchar(50), in ManagerName varchar(50),in  OpenEveryday varchar(3))
BEGIN
select Name, Manager, OpenEveryday 
from site 
where Name like concat('%',sitename,'%') and Manager like concat('%',ManagerName,'%') and OpenEveryday like concat('%',OpenEveryday,'%');
END ;;
DELIMITER ;
/*!50003 SET sql_mode              = @saved_sql_mode */ ;
/*!50003 SET character_set_client  = @saved_cs_client */ ;
/*!50003 SET character_set_results = @saved_cs_results */ ;
/*!50003 SET collation_connection  = @saved_col_connection */ ;
/*!50003 DROP PROCEDURE IF EXISTS `admin_manage_user` */;
/*!50003 SET @saved_cs_client      = @@character_set_client */ ;
/*!50003 SET @saved_cs_results     = @@character_set_results */ ;
/*!50003 SET @saved_col_connection = @@collation_connection */ ;
/*!50003 SET character_set_client  = utf8mb4 */ ;
/*!50003 SET character_set_results = utf8mb4 */ ;
/*!50003 SET collation_connection  = utf8mb4_0900_ai_ci */ ;
/*!50003 SET @saved_sql_mode       = @@sql_mode */ ;
/*!50003 SET sql_mode              = 'STRICT_TRANS_TABLES,NO_ENGINE_SUBSTITUTION' */ ;
DELIMITER ;;
CREATE DEFINER=`root`@`localhost` PROCEDURE `admin_manage_user`(in ut varchar(20), in un varchar(20), in stat varchar(10))
BEGIN
select emails.Username, count(*) as 'Email Count', user.UserType, user.Status
from emails join user on emails.Username = user.Username
where UserType = concat('%',ut,'%') and Status = concat('%',stat,'%') and Username = un
group by emails.Username;
END ;;
DELIMITER ;
/*!50003 SET sql_mode              = @saved_sql_mode */ ;
/*!50003 SET character_set_client  = @saved_cs_client */ ;
/*!50003 SET character_set_results = @saved_cs_results */ ;
/*!50003 SET collation_connection  = @saved_col_connection */ ;
/*!50003 DROP PROCEDURE IF EXISTS `delete_transit` */;
/*!50003 SET @saved_cs_client      = @@character_set_client */ ;
/*!50003 SET @saved_cs_results     = @@character_set_results */ ;
/*!50003 SET @saved_col_connection = @@collation_connection */ ;
/*!50003 SET character_set_client  = utf8mb4 */ ;
/*!50003 SET character_set_results = utf8mb4 */ ;
/*!50003 SET collation_connection  = utf8mb4_0900_ai_ci */ ;
/*!50003 SET @saved_sql_mode       = @@sql_mode */ ;
/*!50003 SET sql_mode              = 'STRICT_TRANS_TABLES,NO_ENGINE_SUBSTITUTION' */ ;
DELIMITER ;;
CREATE DEFINER=`root`@`localhost` PROCEDURE `delete_transit`(in route varchar(20))
BEGIN
delete from transit where Route = route;
delete from take where Route = route;
delete from connect where Route = route;
END ;;
DELIMITER ;
/*!50003 SET sql_mode              = @saved_sql_mode */ ;
/*!50003 SET character_set_client  = @saved_cs_client */ ;
/*!50003 SET character_set_results = @saved_cs_results */ ;
/*!50003 SET collation_connection  = @saved_col_connection */ ;
/*!50003 DROP PROCEDURE IF EXISTS `EmployeeEmailChanges` */;
/*!50003 SET @saved_cs_client      = @@character_set_client */ ;
/*!50003 SET @saved_cs_results     = @@character_set_results */ ;
/*!50003 SET @saved_col_connection = @@collation_connection */ ;
/*!50003 SET character_set_client  = utf8mb4 */ ;
/*!50003 SET character_set_results = utf8mb4 */ ;
/*!50003 SET collation_connection  = utf8mb4_0900_ai_ci */ ;
/*!50003 SET @saved_sql_mode       = @@sql_mode */ ;
/*!50003 SET sql_mode              = 'STRICT_TRANS_TABLES,NO_ENGINE_SUBSTITUTION' */ ;
DELIMITER ;;
CREATE DEFINER=`root`@`localhost` PROCEDURE `EmployeeEmailChanges`(in username varchar(20), in unwantedEmail varchar(50), in newEmail varchar(50))
BEGIN
Delete from emails where Email=unwantedEmail;
Insert into emails values (username, newEmail);
END ;;
DELIMITER ;
/*!50003 SET sql_mode              = @saved_sql_mode */ ;
/*!50003 SET character_set_client  = @saved_cs_client */ ;
/*!50003 SET character_set_results = @saved_cs_results */ ;
/*!50003 SET collation_connection  = @saved_col_connection */ ;
/*!50003 DROP PROCEDURE IF EXISTS `EmployeeProfileUpdates` */;
/*!50003 SET @saved_cs_client      = @@character_set_client */ ;
/*!50003 SET @saved_cs_results     = @@character_set_results */ ;
/*!50003 SET @saved_col_connection = @@collation_connection */ ;
/*!50003 SET character_set_client  = utf8mb4 */ ;
/*!50003 SET character_set_results = utf8mb4 */ ;
/*!50003 SET collation_connection  = utf8mb4_0900_ai_ci */ ;
/*!50003 SET @saved_sql_mode       = @@sql_mode */ ;
/*!50003 SET sql_mode              = 'STRICT_TRANS_TABLES,NO_ENGINE_SUBSTITUTION' */ ;
DELIMITER ;;
CREATE DEFINER=`root`@`localhost` PROCEDURE `EmployeeProfileUpdates`(in username varchar(20), in firstName varchar(50), in lastName varchar(50), in PhoneNum varchar(12))
BEGIN
Update User set Lastname=lastName, Firstname=firstName where Username=username;
Update Employee set Phone=PhoneNum where Username=username;
END ;;
DELIMITER ;
/*!50003 SET sql_mode              = @saved_sql_mode */ ;
/*!50003 SET character_set_client  = @saved_cs_client */ ;
/*!50003 SET character_set_results = @saved_cs_results */ ;
/*!50003 SET collation_connection  = @saved_col_connection */ ;
/*!50003 DROP PROCEDURE IF EXISTS `get_admin_transit_options` */;
/*!50003 SET @saved_cs_client      = @@character_set_client */ ;
/*!50003 SET @saved_cs_results     = @@character_set_results */ ;
/*!50003 SET @saved_col_connection = @@collation_connection */ ;
/*!50003 SET character_set_client  = utf8mb4 */ ;
/*!50003 SET character_set_results = utf8mb4 */ ;
/*!50003 SET collation_connection  = utf8mb4_0900_ai_ci */ ;
/*!50003 SET @saved_sql_mode       = @@sql_mode */ ;
/*!50003 SET sql_mode              = 'STRICT_TRANS_TABLES,NO_ENGINE_SUBSTITUTION' */ ;
DELIMITER ;;
CREATE DEFINER=`root`@`localhost` PROCEDURE `get_admin_transit_options`(in filsite varchar(50), in transtype varchar(20), in minprice decimal(6,2), in maxprice decimal(6,2),in route varchar(20))
BEGIN
select connect.Route, connect.TransportType, price, count(*) 
from connect inner join transit on connect.Route = transit.Route
where connect.TransportType like concat('%',transtype,'%') and Price >= minprice and Price <= maxprice and connect.Name like concat('%',filsite,'%') and Route = route
group by Route;
END ;;
DELIMITER ;
/*!50003 SET sql_mode              = @saved_sql_mode */ ;
/*!50003 SET character_set_client  = @saved_cs_client */ ;
/*!50003 SET character_set_results = @saved_cs_results */ ;
/*!50003 SET collation_connection  = @saved_col_connection */ ;
/*!50003 DROP PROCEDURE IF EXISTS `get_employee_emails` */;
/*!50003 SET @saved_cs_client      = @@character_set_client */ ;
/*!50003 SET @saved_cs_results     = @@character_set_results */ ;
/*!50003 SET @saved_col_connection = @@collation_connection */ ;
/*!50003 SET character_set_client  = utf8mb4 */ ;
/*!50003 SET character_set_results = utf8mb4 */ ;
/*!50003 SET collation_connection  = utf8mb4_0900_ai_ci */ ;
/*!50003 SET @saved_sql_mode       = @@sql_mode */ ;
/*!50003 SET sql_mode              = 'STRICT_TRANS_TABLES,NO_ENGINE_SUBSTITUTION' */ ;
DELIMITER ;;
CREATE DEFINER=`root`@`localhost` PROCEDURE `get_employee_emails`(in un varchar(20))
BEGIN
select *
from emails
where Username = un;
END ;;
DELIMITER ;
/*!50003 SET sql_mode              = @saved_sql_mode */ ;
/*!50003 SET character_set_client  = @saved_cs_client */ ;
/*!50003 SET character_set_results = @saved_cs_results */ ;
/*!50003 SET collation_connection  = @saved_col_connection */ ;
/*!50003 DROP PROCEDURE IF EXISTS `get_employee_info` */;
/*!50003 SET @saved_cs_client      = @@character_set_client */ ;
/*!50003 SET @saved_cs_results     = @@character_set_results */ ;
/*!50003 SET @saved_col_connection = @@collation_connection */ ;
/*!50003 SET character_set_client  = utf8mb4 */ ;
/*!50003 SET character_set_results = utf8mb4 */ ;
/*!50003 SET collation_connection  = utf8mb4_0900_ai_ci */ ;
/*!50003 SET @saved_sql_mode       = @@sql_mode */ ;
/*!50003 SET sql_mode              = 'STRICT_TRANS_TABLES,NO_ENGINE_SUBSTITUTION' */ ;
DELIMITER ;;
CREATE DEFINER=`root`@`localhost` PROCEDURE `get_employee_info`(in un varchar(20))
BEGIN
select e.Username, e.EmployeeID, e.Phone, e.Address, e.City, e.State, e.Zipcode, u.Firstname, u.Lastname 
from employee as e join user as u on e.Username = u.Username
where Username = un;
END ;;
DELIMITER ;
/*!50003 SET sql_mode              = @saved_sql_mode */ ;
/*!50003 SET character_set_client  = @saved_cs_client */ ;
/*!50003 SET character_set_results = @saved_cs_results */ ;
/*!50003 SET collation_connection  = @saved_col_connection */ ;
/*!50003 DROP PROCEDURE IF EXISTS `get_employee_site` */;
/*!50003 SET @saved_cs_client      = @@character_set_client */ ;
/*!50003 SET @saved_cs_results     = @@character_set_results */ ;
/*!50003 SET @saved_col_connection = @@collation_connection */ ;
/*!50003 SET character_set_client  = utf8mb4 */ ;
/*!50003 SET character_set_results = utf8mb4 */ ;
/*!50003 SET collation_connection  = utf8mb4_0900_ai_ci */ ;
/*!50003 SET @saved_sql_mode       = @@sql_mode */ ;
/*!50003 SET sql_mode              = 'STRICT_TRANS_TABLES,NO_ENGINE_SUBSTITUTION' */ ;
DELIMITER ;;
CREATE DEFINER=`root`@`localhost` PROCEDURE `get_employee_site`(in un varchar(20))
BEGIN
select Username, SiteName
from assign_to
where Username = un;
END ;;
DELIMITER ;
/*!50003 SET sql_mode              = @saved_sql_mode */ ;
/*!50003 SET character_set_client  = @saved_cs_client */ ;
/*!50003 SET character_set_results = @saved_cs_results */ ;
/*!50003 SET collation_connection  = @saved_col_connection */ ;
/*!50003 DROP PROCEDURE IF EXISTS `get_transit_history` */;
/*!50003 SET @saved_cs_client      = @@character_set_client */ ;
/*!50003 SET @saved_cs_results     = @@character_set_results */ ;
/*!50003 SET @saved_col_connection = @@collation_connection */ ;
/*!50003 SET character_set_client  = utf8mb4 */ ;
/*!50003 SET character_set_results = utf8mb4 */ ;
/*!50003 SET collation_connection  = utf8mb4_0900_ai_ci */ ;
/*!50003 SET @saved_sql_mode       = @@sql_mode */ ;
/*!50003 SET sql_mode              = 'STRICT_TRANS_TABLES,NO_ENGINE_SUBSTITUTION' */ ;
DELIMITER ;;
CREATE DEFINER=`root`@`localhost` PROCEDURE `get_transit_history`(in un varchar(20))
BEGIN
select * from take
where Username = un;
END ;;
DELIMITER ;
/*!50003 SET sql_mode              = @saved_sql_mode */ ;
/*!50003 SET character_set_client  = @saved_cs_client */ ;
/*!50003 SET character_set_results = @saved_cs_results */ ;
/*!50003 SET collation_connection  = @saved_col_connection */ ;
/*!50003 DROP PROCEDURE IF EXISTS `get_transit_options` */;
/*!50003 SET @saved_cs_client      = @@character_set_client */ ;
/*!50003 SET @saved_cs_results     = @@character_set_results */ ;
/*!50003 SET @saved_col_connection = @@collation_connection */ ;
/*!50003 SET character_set_client  = utf8mb4 */ ;
/*!50003 SET character_set_results = utf8mb4 */ ;
/*!50003 SET collation_connection  = utf8mb4_0900_ai_ci */ ;
/*!50003 SET @saved_sql_mode       = @@sql_mode */ ;
/*!50003 SET sql_mode              = 'STRICT_TRANS_TABLES,NO_ENGINE_SUBSTITUTION' */ ;
DELIMITER ;;
CREATE DEFINER=`root`@`localhost` PROCEDURE `get_transit_options`(in filsite varchar(50), in transtype varchar(20), in minprice decimal(6,2), in maxprice decimal(6,2))
BEGIN
select connect.Route, connect.TransportType, price, count(*) 
from connect inner join transit on connect.Route = transit.Route
where connect.TransportType like concat('%',transtype,'%') and price >= minprice and price <= maxprice and connect.Name like concat('%',filsite,'%')
group by Route;
END ;;
DELIMITER ;
/*!50003 SET sql_mode              = @saved_sql_mode */ ;
/*!50003 SET character_set_client  = @saved_cs_client */ ;
/*!50003 SET character_set_results = @saved_cs_results */ ;
/*!50003 SET collation_connection  = @saved_col_connection */ ;
/*!50003 DROP PROCEDURE IF EXISTS `get_transit_prices` */;
/*!50003 SET @saved_cs_client      = @@character_set_client */ ;
/*!50003 SET @saved_cs_results     = @@character_set_results */ ;
/*!50003 SET @saved_col_connection = @@collation_connection */ ;
/*!50003 SET character_set_client  = utf8mb4 */ ;
/*!50003 SET character_set_results = utf8mb4 */ ;
/*!50003 SET collation_connection  = utf8mb4_0900_ai_ci */ ;
/*!50003 SET @saved_sql_mode       = @@sql_mode */ ;
/*!50003 SET sql_mode              = 'STRICT_TRANS_TABLES,NO_ENGINE_SUBSTITUTION' */ ;
DELIMITER ;;
CREATE DEFINER=`root`@`localhost` PROCEDURE `get_transit_prices`()
BEGIN
select TransportType, Price 
from transit;
END ;;
DELIMITER ;
/*!50003 SET sql_mode              = @saved_sql_mode */ ;
/*!50003 SET character_set_client  = @saved_cs_client */ ;
/*!50003 SET character_set_results = @saved_cs_results */ ;
/*!50003 SET collation_connection  = @saved_col_connection */ ;
/*!50003 DROP PROCEDURE IF EXISTS `get_user_password` */;
/*!50003 SET @saved_cs_client      = @@character_set_client */ ;
/*!50003 SET @saved_cs_results     = @@character_set_results */ ;
/*!50003 SET @saved_col_connection = @@collation_connection */ ;
/*!50003 SET character_set_client  = utf8mb4 */ ;
/*!50003 SET character_set_results = utf8mb4 */ ;
/*!50003 SET collation_connection  = utf8mb4_0900_ai_ci */ ;
/*!50003 SET @saved_sql_mode       = @@sql_mode */ ;
/*!50003 SET sql_mode              = 'STRICT_TRANS_TABLES,NO_ENGINE_SUBSTITUTION' */ ;
DELIMITER ;;
CREATE DEFINER=`root`@`localhost` PROCEDURE `get_user_password`(in username varchar(20))
BEGIN
select Password from user where Username = username;
END ;;
DELIMITER ;
/*!50003 SET sql_mode              = @saved_sql_mode */ ;
/*!50003 SET character_set_client  = @saved_cs_client */ ;
/*!50003 SET character_set_results = @saved_cs_results */ ;
/*!50003 SET collation_connection  = @saved_col_connection */ ;
/*!50003 DROP PROCEDURE IF EXISTS `log_user_transit` */;
/*!50003 SET @saved_cs_client      = @@character_set_client */ ;
/*!50003 SET @saved_cs_results     = @@character_set_results */ ;
/*!50003 SET @saved_col_connection = @@collation_connection */ ;
/*!50003 SET character_set_client  = utf8mb4 */ ;
/*!50003 SET character_set_results = utf8mb4 */ ;
/*!50003 SET collation_connection  = utf8mb4_0900_ai_ci */ ;
/*!50003 SET @saved_sql_mode       = @@sql_mode */ ;
/*!50003 SET sql_mode              = 'STRICT_TRANS_TABLES,NO_ENGINE_SUBSTITUTION' */ ;
DELIMITER ;;
CREATE DEFINER=`root`@`localhost` PROCEDURE `log_user_transit`(in username varchar(20), in transtype varchar(20), in route varchar(20), in transdate date)
BEGIN
insert into take values (username, transtype, route, transdate);
END ;;
DELIMITER ;
/*!50003 SET sql_mode              = @saved_sql_mode */ ;
/*!50003 SET character_set_client  = @saved_cs_client */ ;
/*!50003 SET character_set_results = @saved_cs_results */ ;
/*!50003 SET collation_connection  = @saved_col_connection */ ;
/*!50003 DROP PROCEDURE IF EXISTS `register_employee` */;
/*!50003 SET @saved_cs_client      = @@character_set_client */ ;
/*!50003 SET @saved_cs_results     = @@character_set_results */ ;
/*!50003 SET @saved_col_connection = @@collation_connection */ ;
/*!50003 SET character_set_client  = utf8mb4 */ ;
/*!50003 SET character_set_results = utf8mb4 */ ;
/*!50003 SET collation_connection  = utf8mb4_0900_ai_ci */ ;
/*!50003 SET @saved_sql_mode       = @@sql_mode */ ;
/*!50003 SET sql_mode              = 'STRICT_TRANS_TABLES,NO_ENGINE_SUBSTITUTION' */ ;
DELIMITER ;;
CREATE DEFINER=`root`@`localhost` PROCEDURE `register_employee`(in username varchar(20), in pass varchar(15), in fname varchar(50), in lname varchar(50), in em varchar(50), in id char(9), in phone varchar(12), in address varchar(50), in city varchar(20), in state char(2), in zip char(5))
BEGIN
insert into user values (username, pass, 'Pending', fname, lname);
insert into employee values (username, id, phone, address, city, state, zip);
END ;;
DELIMITER ;
/*!50003 SET sql_mode              = @saved_sql_mode */ ;
/*!50003 SET character_set_client  = @saved_cs_client */ ;
/*!50003 SET character_set_results = @saved_cs_results */ ;
/*!50003 SET collation_connection  = @saved_col_connection */ ;
/*!50003 DROP PROCEDURE IF EXISTS `register_employee_visitor` */;
/*!50003 SET @saved_cs_client      = @@character_set_client */ ;
/*!50003 SET @saved_cs_results     = @@character_set_results */ ;
/*!50003 SET @saved_col_connection = @@collation_connection */ ;
/*!50003 SET character_set_client  = utf8mb4 */ ;
/*!50003 SET character_set_results = utf8mb4 */ ;
/*!50003 SET collation_connection  = utf8mb4_0900_ai_ci */ ;
/*!50003 SET @saved_sql_mode       = @@sql_mode */ ;
/*!50003 SET sql_mode              = 'STRICT_TRANS_TABLES,NO_ENGINE_SUBSTITUTION' */ ;
DELIMITER ;;
CREATE DEFINER=`root`@`localhost` PROCEDURE `register_employee_visitor`(in username varchar(20), in pass varchar(15), in fname varchar(50), in lname varchar(50), in em varchar(50), in id char(9), in phone varchar(12), in address varchar(50), in city varchar(20), in state char(2), in zip char(5))
BEGIN
insert into user values (username, pass, 'Pending', fname, lname);
insert into employee values (username, id, phone, address, city, state, zip);
insert into visitor values (username);
END ;;
DELIMITER ;
/*!50003 SET sql_mode              = @saved_sql_mode */ ;
/*!50003 SET character_set_client  = @saved_cs_client */ ;
/*!50003 SET character_set_results = @saved_cs_results */ ;
/*!50003 SET collation_connection  = @saved_col_connection */ ;
/*!50003 DROP PROCEDURE IF EXISTS `register_user` */;
/*!50003 SET @saved_cs_client      = @@character_set_client */ ;
/*!50003 SET @saved_cs_results     = @@character_set_results */ ;
/*!50003 SET @saved_col_connection = @@collation_connection */ ;
/*!50003 SET character_set_client  = utf8mb4 */ ;
/*!50003 SET character_set_results = utf8mb4 */ ;
/*!50003 SET collation_connection  = utf8mb4_0900_ai_ci */ ;
/*!50003 SET @saved_sql_mode       = @@sql_mode */ ;
/*!50003 SET sql_mode              = 'STRICT_TRANS_TABLES,NO_ENGINE_SUBSTITUTION' */ ;
DELIMITER ;;
CREATE DEFINER=`root`@`localhost` PROCEDURE `register_user`(in username varchar(20), in pass varchar(15), in fname varchar(50), in lname varchar(50), in em varchar(50))
BEGIN
insert into user values (username, pass, 'Pending', fname, lname, 'User');
END ;;
DELIMITER ;
/*!50003 SET sql_mode              = @saved_sql_mode */ ;
/*!50003 SET character_set_client  = @saved_cs_client */ ;
/*!50003 SET character_set_results = @saved_cs_results */ ;
/*!50003 SET collation_connection  = @saved_col_connection */ ;
/*!50003 DROP PROCEDURE IF EXISTS `register_visitor` */;
/*!50003 SET @saved_cs_client      = @@character_set_client */ ;
/*!50003 SET @saved_cs_results     = @@character_set_results */ ;
/*!50003 SET @saved_col_connection = @@collation_connection */ ;
/*!50003 SET character_set_client  = utf8mb4 */ ;
/*!50003 SET character_set_results = utf8mb4 */ ;
/*!50003 SET collation_connection  = utf8mb4_0900_ai_ci */ ;
/*!50003 SET @saved_sql_mode       = @@sql_mode */ ;
/*!50003 SET sql_mode              = 'STRICT_TRANS_TABLES,NO_ENGINE_SUBSTITUTION' */ ;
DELIMITER ;;
CREATE DEFINER=`root`@`localhost` PROCEDURE `register_visitor`(in username varchar(20), in pass varchar(15), in fname varchar(50), in lname varchar(50), in em varchar(50))
BEGIN
insert into user values (username, pass, 'Pending', fname, lname, 'Visitor');
insert into visitor values (username);
END ;;
DELIMITER ;
/*!50003 SET sql_mode              = @saved_sql_mode */ ;
/*!50003 SET character_set_client  = @saved_cs_client */ ;
/*!50003 SET character_set_results = @saved_cs_results */ ;
/*!50003 SET collation_connection  = @saved_col_connection */ ;
/*!50003 DROP PROCEDURE IF EXISTS `remove_email` */;
/*!50003 SET @saved_cs_client      = @@character_set_client */ ;
/*!50003 SET @saved_cs_results     = @@character_set_results */ ;
/*!50003 SET @saved_col_connection = @@collation_connection */ ;
/*!50003 SET character_set_client  = utf8mb4 */ ;
/*!50003 SET character_set_results = utf8mb4 */ ;
/*!50003 SET collation_connection  = utf8mb4_0900_ai_ci */ ;
/*!50003 SET @saved_sql_mode       = @@sql_mode */ ;
/*!50003 SET sql_mode              = 'STRICT_TRANS_TABLES,NO_ENGINE_SUBSTITUTION' */ ;
DELIMITER ;;
CREATE DEFINER=`root`@`localhost` PROCEDURE `remove_email`(in em varchar(50))
BEGIN
delete from emails where Email = em;
END ;;
DELIMITER ;
/*!50003 SET sql_mode              = @saved_sql_mode */ ;
/*!50003 SET character_set_client  = @saved_cs_client */ ;
/*!50003 SET character_set_results = @saved_cs_results */ ;
/*!50003 SET collation_connection  = @saved_col_connection */ ;
/*!50003 DROP PROCEDURE IF EXISTS `UpdateVisitorStatus` */;
/*!50003 SET @saved_cs_client      = @@character_set_client */ ;
/*!50003 SET @saved_cs_results     = @@character_set_results */ ;
/*!50003 SET @saved_col_connection = @@collation_connection */ ;
/*!50003 SET character_set_client  = utf8mb4 */ ;
/*!50003 SET character_set_results = utf8mb4 */ ;
/*!50003 SET collation_connection  = utf8mb4_0900_ai_ci */ ;
/*!50003 SET @saved_sql_mode       = @@sql_mode */ ;
/*!50003 SET sql_mode              = 'STRICT_TRANS_TABLES,NO_ENGINE_SUBSTITUTION' */ ;
DELIMITER ;;
CREATE DEFINER=`root`@`localhost` PROCEDURE `UpdateVisitorStatus`(in username varchar(20))
BEGIN
delete from visitor where Username = username;
END ;;
DELIMITER ;
/*!50003 SET sql_mode              = @saved_sql_mode */ ;
/*!50003 SET character_set_client  = @saved_cs_client */ ;
/*!50003 SET character_set_results = @saved_cs_results */ ;
/*!50003 SET collation_connection  = @saved_col_connection */ ;
/*!50003 DROP PROCEDURE IF EXISTS `UserApprovalFilter` */;
/*!50003 SET @saved_cs_client      = @@character_set_client */ ;
/*!50003 SET @saved_cs_results     = @@character_set_results */ ;
/*!50003 SET @saved_col_connection = @@collation_connection */ ;
/*!50003 SET character_set_client  = utf8mb4 */ ;
/*!50003 SET character_set_results = utf8mb4 */ ;
/*!50003 SET collation_connection  = utf8mb4_0900_ai_ci */ ;
/*!50003 SET @saved_sql_mode       = @@sql_mode */ ;
/*!50003 SET sql_mode              = 'STRICT_TRANS_TABLES,NO_ENGINE_SUBSTITUTION' */ ;
DELIMITER ;;
CREATE DEFINER=`root`@`localhost` PROCEDURE `UserApprovalFilter`(in username varchar(20), in currentstatus varchar(10), in newstatus varchar(10))
BEGIN
select Username, count(emails), Status 
from user 
where Username like concat('%',username,'%') 
and Status like concat('%',currentstatus,'%');
END ;;
DELIMITER ;
/*!50003 SET sql_mode              = @saved_sql_mode */ ;
/*!50003 SET character_set_client  = @saved_cs_client */ ;
/*!50003 SET character_set_results = @saved_cs_results */ ;
/*!50003 SET collation_connection  = @saved_col_connection */ ;
/*!50003 DROP PROCEDURE IF EXISTS `UserApprovalUpdate` */;
/*!50003 SET @saved_cs_client      = @@character_set_client */ ;
/*!50003 SET @saved_cs_results     = @@character_set_results */ ;
/*!50003 SET @saved_col_connection = @@collation_connection */ ;
/*!50003 SET character_set_client  = utf8mb4 */ ;
/*!50003 SET character_set_results = utf8mb4 */ ;
/*!50003 SET collation_connection  = utf8mb4_0900_ai_ci */ ;
/*!50003 SET @saved_sql_mode       = @@sql_mode */ ;
/*!50003 SET sql_mode              = 'STRICT_TRANS_TABLES,NO_ENGINE_SUBSTITUTION' */ ;
DELIMITER ;;
CREATE DEFINER=`root`@`localhost` PROCEDURE `UserApprovalUpdate`(in username varchar(20), in currentstatus varchar(10), in newstatus varchar(10))
BEGIN
update user set Status=newstatus where Username=username;
END ;;
DELIMITER ;
/*!50003 SET sql_mode              = @saved_sql_mode */ ;
/*!50003 SET character_set_client  = @saved_cs_client */ ;
/*!50003 SET character_set_results = @saved_cs_results */ ;
/*!50003 SET collation_connection  = @saved_col_connection */ ;
/*!50003 DROP PROCEDURE IF EXISTS `user_transit_history` */;
/*!50003 SET @saved_cs_client      = @@character_set_client */ ;
/*!50003 SET @saved_cs_results     = @@character_set_results */ ;
/*!50003 SET @saved_col_connection = @@collation_connection */ ;
/*!50003 SET character_set_client  = utf8mb4 */ ;
/*!50003 SET character_set_results = utf8mb4 */ ;
/*!50003 SET collation_connection  = utf8mb4_0900_ai_ci */ ;
/*!50003 SET @saved_sql_mode       = @@sql_mode */ ;
/*!50003 SET sql_mode              = 'STRICT_TRANS_TABLES,NO_ENGINE_SUBSTITUTION' */ ;
DELIMITER ;;
CREATE DEFINER=`root`@`localhost` PROCEDURE `user_transit_history`(in un varchar(20), in route varchar(10), in startdate date, in enddate date, in containssite varchar(50))
BEGIN
select TransitDate, take.Route, take.TransportType, Price
from take join transit on take.Route = transit.Route
where Username = un and concat('%',containssite,'%') in (select Name from connect where Route = route) and Route = route and TransitDate between startdate and enddate;
END ;;
DELIMITER ;
/*!50003 SET sql_mode              = @saved_sql_mode */ ;
/*!50003 SET character_set_client  = @saved_cs_client */ ;
/*!50003 SET character_set_results = @saved_cs_results */ ;
/*!50003 SET collation_connection  = @saved_col_connection */ ;

--
-- Final view structure for view `temp_staff`
--

/*!50001 DROP VIEW IF EXISTS `temp_staff`*/;
/*!50001 SET @saved_cs_client          = @@character_set_client */;
/*!50001 SET @saved_cs_results         = @@character_set_results */;
/*!50001 SET @saved_col_connection     = @@collation_connection */;
/*!50001 SET character_set_client      = utf8mb4 */;
/*!50001 SET character_set_results     = utf8mb4 */;
/*!50001 SET collation_connection      = utf8mb4_0900_ai_ci */;
/*!50001 CREATE ALGORITHM=UNDEFINED */
/*!50013 DEFINER=`root`@`localhost` SQL SECURITY DEFINER */
/*!50001 VIEW `temp_staff` AS select `user`.`Username` AS `Username`,`staff`.`UserType` AS `UserType` from (`user` left join `staff` on((`user`.`Username` = `staff`.`Username`))) */;
/*!50001 SET character_set_client      = @saved_cs_client */;
/*!50001 SET character_set_results     = @saved_cs_results */;
/*!50001 SET collation_connection      = @saved_col_connection */;

--
-- Final view structure for view `users_for_admin`
--

/*!50001 DROP VIEW IF EXISTS `users_for_admin`*/;
/*!50001 SET @saved_cs_client          = @@character_set_client */;
/*!50001 SET @saved_cs_results         = @@character_set_results */;
/*!50001 SET @saved_col_connection     = @@collation_connection */;
/*!50001 SET character_set_client      = utf8mb4 */;
/*!50001 SET character_set_results     = utf8mb4 */;
/*!50001 SET collation_connection      = utf8mb4_0900_ai_ci */;
/*!50001 CREATE ALGORITHM=UNDEFINED */
/*!50013 DEFINER=`root`@`localhost` SQL SECURITY DEFINER */
/*!50001 VIEW `users_for_admin` AS select `emails`.`Username` AS `Username`,count(0) AS `Email Count`,`user`.`Status` AS `Status` from (`emails` join `user` on((`emails`.`Username` = `user`.`Username`))) group by `emails`.`Username` */;
/*!50001 SET character_set_client      = @saved_cs_client */;
/*!50001 SET character_set_results     = @saved_cs_results */;
/*!50001 SET collation_connection      = @saved_col_connection */;
/*!40103 SET TIME_ZONE=@OLD_TIME_ZONE */;

/*!40101 SET SQL_MODE=@OLD_SQL_MODE */;
/*!40014 SET FOREIGN_KEY_CHECKS=@OLD_FOREIGN_KEY_CHECKS */;
/*!40014 SET UNIQUE_CHECKS=@OLD_UNIQUE_CHECKS */;
/*!40101 SET CHARACTER_SET_CLIENT=@OLD_CHARACTER_SET_CLIENT */;
/*!40101 SET CHARACTER_SET_RESULTS=@OLD_CHARACTER_SET_RESULTS */;
/*!40101 SET COLLATION_CONNECTION=@OLD_COLLATION_CONNECTION */;
/*!40111 SET SQL_NOTES=@OLD_SQL_NOTES */;

-- Dump completed on 2019-04-17 14:22:32
